orig,sanitized
results\btcusdt_pilot_results.csv,results\btcusdt_pilot_results.csv
results\inusdt_pilot_results.csv,results\inusdt_pilot_results.csv
results\lskusdt_pilot_results.csv,results\lskusdt_pilot_results.csv
results\pippinusdt_aggregate_grid.csv,results\pippinusdt_aggregate_grid.csv
results\pippinusdt_masked_next_open_grid_expanded_20251118_20251124.csv,results\pippinusdt_masked_next_open_grid_expanded_20251118_20251124.csv
results\pippinusdt_next_open_grid_20251118_20251124.csv,results\pippinusdt_next_open_grid_20251118_20251124.csv
results\pippinusdt_pilot_results.csv,results\pippinusdt_pilot_results.csv
results\pippinusdt_unmasked_aggregate_grid.csv,results\pippinusdt_unmasked_aggregate_grid.csv
results\pippinusdt_unmasked_grid_20251118_20251124.csv,results\pippinusdt_unmasked_grid_20251118_20251124.csv
results\pippinusdt_vol_mult_sweep.csv,results\pippinusdt_vol_mult_sweep.csv
results\pippinusdt_masked_next_open\2025-11-18_v1.5_c0_a1.5_summary.csv,results\pippinusdt_masked_next_open\2025-11-18_v1.5_c0_a1.5_summary.csv
results\pippinusdt_masked_next_open\2025-11-18_v1.5_c0_a1_summary.csv,results\pippinusdt_masked_next_open\2025-11-18_v1.5_c0_a1_summary.csv
results\pippinusdt_masked_next_open\2025-11-18_v1.5_c0_a2_summary.csv,results\pippinusdt_masked_next_open\2025-11-18_v1.5_c0_a2_summary.csv
results\pippinusdt_masked_next_open\2025-11-18_v1.5_c0_a3_summary.csv,results\pippinusdt_masked_next_open\2025-11-18_v1.5_c0_a3_summary.csv
results\pippinusdt_masked_next_open\2025-11-18_v1.5_c1_a1.5_summary.csv,results\pippinusdt_masked_next_open\2025-11-18_v1.5_c1_a1.5_summary.csv
results\pippinusdt_masked_next_open\2025-11-18_v1.5_c1_a1_summary.csv,results\pippinusdt_masked_next_open\2025-11-18_v1.5_c1_a1_summary.csv
results\pippinusdt_masked_next_open\2025-11-18_v1.5_c1_a2_summary.csv,results\pippinusdt_masked_next_open\2025-11-18_v1.5_c1_a2_summary.csv
results\pippinusdt_masked_next_open\2025-11-18_v1.5_c1_a3_summary.csv,results\pippinusdt_masked_next_open\2025-11-18_v1.5_c1_a3_summary.csv
results\pippinusdt_masked_next_open\2025-11-18_v2_c0_a1.5_summary.csv,results\pippinusdt_masked_next_open\2025-11-18_v2_c0_a1.5_summary.csv
results\pippinusdt_masked_next_open\2025-11-18_v2_c0_a1_summary.csv,results\pippinusdt_masked_next_open\2025-11-18_v2_c0_a1_summary.csv
results\pippinusdt_masked_next_open\2025-11-18_v2_c0_a2_summary.csv,results\pippinusdt_masked_next_open\2025-11-18_v2_c0_a2_summary.csv
results\pippinusdt_masked_next_open\2025-11-18_v2_c0_a3_summary.csv,results\pippinusdt_masked_next_open\2025-11-18_v2_c0_a3_summary.csv
results\pippinusdt_masked_next_open\2025-11-18_v2_c1_a1.5_summary.csv,results\pippinusdt_masked_next_open\2025-11-18_v2_c1_a1.5_summary.csv
results\pippinusdt_masked_next_open\2025-11-18_v2_c1_a1_summary.csv,results\pippinusdt_masked_next_open\2025-11-18_v2_c1_a1_summary.csv
results\pippinusdt_masked_next_open\2025-11-18_v2_c1_a2_summary.csv,results\pippinusdt_masked_next_open\2025-11-18_v2_c1_a2_summary.csv
results\pippinusdt_masked_next_open\2025-11-18_v2_c1_a3_summary.csv,results\pippinusdt_masked_next_open\2025-11-18_v2_c1_a3_summary.csv
results\pippinusdt_masked_next_open\2025-11-18_v3_c0_a1.5_summary.csv,results\pippinusdt_masked_next_open\2025-11-18_v3_c0_a1.5_summary.csv
results\pippinusdt_masked_next_open\2025-11-18_v3_c0_a1_summary.csv,results\pippinusdt_masked_next_open\2025-11-18_v3_c0_a1_summary.csv
results\pippinusdt_masked_next_open\2025-11-18_v3_c0_a2_summary.csv,results\pippinusdt_masked_next_open\2025-11-18_v3_c0_a2_summary.csv
results\pippinusdt_masked_next_open\2025-11-18_v3_c0_a3_summary.csv,results\pippinusdt_masked_next_open\2025-11-18_v3_c0_a3_summary.csv
results\pippinusdt_masked_next_open\2025-11-18_v3_c1_a1.5_summary.csv,results\pippinusdt_masked_next_open\2025-11-18_v3_c1_a1.5_summary.csv
results\pippinusdt_masked_next_open\2025-11-18_v3_c1_a1_summary.csv,results\pippinusdt_masked_next_open\2025-11-18_v3_c1_a1_summary.csv
results\pippinusdt_masked_next_open\2025-11-18_v3_c1_a2_summary.csv,results\pippinusdt_masked_next_open\2025-11-18_v3_c1_a2_summary.csv
results\pippinusdt_masked_next_open\2025-11-18_v3_c1_a3_summary.csv,results\pippinusdt_masked_next_open\2025-11-18_v3_c1_a3_summary.csv
results\pippinusdt_masked_next_open\2025-11-18_v4_c0_a1.5_summary.csv,results\pippinusdt_masked_next_open\2025-11-18_v4_c0_a1.5_summary.csv
results\pippinusdt_masked_next_open\2025-11-18_v4_c0_a1_summary.csv,results\pippinusdt_masked_next_open\2025-11-18_v4_c0_a1_summary.csv
results\pippinusdt_masked_next_open\2025-11-18_v4_c0_a2_summary.csv,results\pippinusdt_masked_next_open\2025-11-18_v4_c0_a2_summary.csv
results\pippinusdt_masked_next_open\2025-11-18_v4_c0_a3_summary.csv,results\pippinusdt_masked_next_open\2025-11-18_v4_c0_a3_summary.csv
results\pippinusdt_masked_next_open\2025-11-18_v4_c1_a1.5_summary.csv,results\pippinusdt_masked_next_open\2025-11-18_v4_c1_a1.5_summary.csv
results\pippinusdt_masked_next_open\2025-11-18_v4_c1_a1_summary.csv,results\pippinusdt_masked_next_open\2025-11-18_v4_c1_a1_summary.csv
results\pippinusdt_masked_next_open\2025-11-18_v4_c1_a2_summary.csv,results\pippinusdt_masked_next_open\2025-11-18_v4_c1_a2_summary.csv
results\pippinusdt_masked_next_open\2025-11-18_v4_c1_a3_summary.csv,results\pippinusdt_masked_next_open\2025-11-18_v4_c1_a3_summary.csv
results\pippinusdt_masked_next_open\2025-11-18_v5_c0_a1.5_summary.csv,results\pippinusdt_masked_next_open\2025-11-18_v5_c0_a1.5_summary.csv
results\pippinusdt_masked_next_open\2025-11-18_v5_c0_a1_summary.csv,results\pippinusdt_masked_next_open\2025-11-18_v5_c0_a1_summary.csv
results\pippinusdt_masked_next_open\2025-11-18_v5_c0_a2_summary.csv,results\pippinusdt_masked_next_open\2025-11-18_v5_c0_a2_summary.csv
results\pippinusdt_masked_next_open\2025-11-18_v5_c0_a3_summary.csv,results\pippinusdt_masked_next_open\2025-11-18_v5_c0_a3_summary.csv
results\pippinusdt_masked_next_open\2025-11-18_v5_c1_a1.5_summary.csv,results\pippinusdt_masked_next_open\2025-11-18_v5_c1_a1.5_summary.csv
results\pippinusdt_masked_next_open\2025-11-18_v5_c1_a1_summary.csv,results\pippinusdt_masked_next_open\2025-11-18_v5_c1_a1_summary.csv
results\pippinusdt_masked_next_open\2025-11-18_v5_c1_a2_summary.csv,results\pippinusdt_masked_next_open\2025-11-18_v5_c1_a2_summary.csv
results\pippinusdt_masked_next_open\2025-11-18_v5_c1_a3_summary.csv,results\pippinusdt_masked_next_open\2025-11-18_v5_c1_a3_summary.csv
results\pippinusdt_masked_next_open\2025-11-19_v1.5_c0_a1.5_summary.csv,results\pippinusdt_masked_next_open\2025-11-19_v1.5_c0_a1.5_summary.csv
results\pippinusdt_masked_next_open\2025-11-19_v1.5_c0_a1_summary.csv,results\pippinusdt_masked_next_open\2025-11-19_v1.5_c0_a1_summary.csv
results\pippinusdt_masked_next_open\2025-11-19_v1.5_c0_a2_summary.csv,results\pippinusdt_masked_next_open\2025-11-19_v1.5_c0_a2_summary.csv
results\pippinusdt_masked_next_open\2025-11-19_v1.5_c0_a3_summary.csv,results\pippinusdt_masked_next_open\2025-11-19_v1.5_c0_a3_summary.csv
results\pippinusdt_masked_next_open\2025-11-19_v1.5_c1_a1.5_summary.csv,results\pippinusdt_masked_next_open\2025-11-19_v1.5_c1_a1.5_summary.csv
results\pippinusdt_masked_next_open\2025-11-19_v1.5_c1_a1_summary.csv,results\pippinusdt_masked_next_open\2025-11-19_v1.5_c1_a1_summary.csv
results\pippinusdt_masked_next_open\2025-11-19_v1.5_c1_a2_summary.csv,results\pippinusdt_masked_next_open\2025-11-19_v1.5_c1_a2_summary.csv
results\pippinusdt_masked_next_open\2025-11-19_v1.5_c1_a3_summary.csv,results\pippinusdt_masked_next_open\2025-11-19_v1.5_c1_a3_summary.csv
results\pippinusdt_masked_next_open\2025-11-19_v2_c0_a1.5_summary.csv,results\pippinusdt_masked_next_open\2025-11-19_v2_c0_a1.5_summary.csv
results\pippinusdt_masked_next_open\2025-11-19_v2_c0_a1_summary.csv,results\pippinusdt_masked_next_open\2025-11-19_v2_c0_a1_summary.csv
results\pippinusdt_masked_next_open\2025-11-19_v2_c0_a2_summary.csv,results\pippinusdt_masked_next_open\2025-11-19_v2_c0_a2_summary.csv
results\pippinusdt_masked_next_open\2025-11-19_v2_c0_a3_summary.csv,results\pippinusdt_masked_next_open\2025-11-19_v2_c0_a3_summary.csv
results\pippinusdt_masked_next_open\2025-11-19_v2_c1_a1.5_summary.csv,results\pippinusdt_masked_next_open\2025-11-19_v2_c1_a1.5_summary.csv
results\pippinusdt_masked_next_open\2025-11-19_v2_c1_a1_summary.csv,results\pippinusdt_masked_next_open\2025-11-19_v2_c1_a1_summary.csv
results\pippinusdt_masked_next_open\2025-11-19_v2_c1_a2_summary.csv,results\pippinusdt_masked_next_open\2025-11-19_v2_c1_a2_summary.csv
results\pippinusdt_masked_next_open\2025-11-19_v2_c1_a3_summary.csv,results\pippinusdt_masked_next_open\2025-11-19_v2_c1_a3_summary.csv
results\pippinusdt_masked_next_open\2025-11-19_v3_c0_a1.5_summary.csv,results\pippinusdt_masked_next_open\2025-11-19_v3_c0_a1.5_summary.csv
results\pippinusdt_masked_next_open\2025-11-19_v3_c0_a1_summary.csv,results\pippinusdt_masked_next_open\2025-11-19_v3_c0_a1_summary.csv
results\pippinusdt_masked_next_open\2025-11-19_v3_c0_a2_summary.csv,results\pippinusdt_masked_next_open\2025-11-19_v3_c0_a2_summary.csv
results\pippinusdt_masked_next_open\2025-11-19_v3_c0_a3_summary.csv,results\pippinusdt_masked_next_open\2025-11-19_v3_c0_a3_summary.csv
results\pippinusdt_masked_next_open\2025-11-19_v3_c1_a1.5_summary.csv,results\pippinusdt_masked_next_open\2025-11-19_v3_c1_a1.5_summary.csv
results\pippinusdt_masked_next_open\2025-11-19_v3_c1_a1_summary.csv,results\pippinusdt_masked_next_open\2025-11-19_v3_c1_a1_summary.csv
results\pippinusdt_masked_next_open\2025-11-19_v3_c1_a2_summary.csv,results\pippinusdt_masked_next_open\2025-11-19_v3_c1_a2_summary.csv
results\pippinusdt_masked_next_open\2025-11-19_v3_c1_a3_summary.csv,results\pippinusdt_masked_next_open\2025-11-19_v3_c1_a3_summary.csv
results\pippinusdt_masked_next_open\2025-11-19_v4_c0_a1.5_summary.csv,results\pippinusdt_masked_next_open\2025-11-19_v4_c0_a1.5_summary.csv
results\pippinusdt_masked_next_open\2025-11-19_v4_c0_a1_summary.csv,results\pippinusdt_masked_next_open\2025-11-19_v4_c0_a1_summary.csv
results\pippinusdt_masked_next_open\2025-11-19_v4_c0_a2_summary.csv,results\pippinusdt_masked_next_open\2025-11-19_v4_c0_a2_summary.csv
results\pippinusdt_masked_next_open\2025-11-19_v4_c0_a3_summary.csv,results\pippinusdt_masked_next_open\2025-11-19_v4_c0_a3_summary.csv
results\pippinusdt_masked_next_open\2025-11-19_v4_c1_a1.5_summary.csv,results\pippinusdt_masked_next_open\2025-11-19_v4_c1_a1.5_summary.csv
results\pippinusdt_masked_next_open\2025-11-19_v4_c1_a1_summary.csv,results\pippinusdt_masked_next_open\2025-11-19_v4_c1_a1_summary.csv
results\pippinusdt_masked_next_open\2025-11-19_v4_c1_a2_summary.csv,results\pippinusdt_masked_next_open\2025-11-19_v4_c1_a2_summary.csv
results\pippinusdt_masked_next_open\2025-11-19_v4_c1_a3_summary.csv,results\pippinusdt_masked_next_open\2025-11-19_v4_c1_a3_summary.csv
results\pippinusdt_masked_next_open\2025-11-19_v5_c0_a1.5_summary.csv,results\pippinusdt_masked_next_open\2025-11-19_v5_c0_a1.5_summary.csv
results\pippinusdt_masked_next_open\2025-11-19_v5_c0_a1_summary.csv,results\pippinusdt_masked_next_open\2025-11-19_v5_c0_a1_summary.csv
results\pippinusdt_masked_next_open\2025-11-19_v5_c0_a2_summary.csv,results\pippinusdt_masked_next_open\2025-11-19_v5_c0_a2_summary.csv
results\pippinusdt_masked_next_open\2025-11-19_v5_c0_a3_summary.csv,results\pippinusdt_masked_next_open\2025-11-19_v5_c0_a3_summary.csv
results\pippinusdt_masked_next_open\2025-11-19_v5_c1_a1.5_summary.csv,results\pippinusdt_masked_next_open\2025-11-19_v5_c1_a1.5_summary.csv
results\pippinusdt_masked_next_open\2025-11-19_v5_c1_a1_summary.csv,results\pippinusdt_masked_next_open\2025-11-19_v5_c1_a1_summary.csv
results\pippinusdt_masked_next_open\2025-11-19_v5_c1_a2_summary.csv,results\pippinusdt_masked_next_open\2025-11-19_v5_c1_a2_summary.csv
results\pippinusdt_masked_next_open\2025-11-19_v5_c1_a3_summary.csv,results\pippinusdt_masked_next_open\2025-11-19_v5_c1_a3_summary.csv
results\pippinusdt_masked_next_open\2025-11-20_v1.5_c0_a1.5_summary.csv,results\pippinusdt_masked_next_open\2025-11-20_v1.5_c0_a1.5_summary.csv
results\pippinusdt_masked_next_open\2025-11-20_v1.5_c0_a1_summary.csv,results\pippinusdt_masked_next_open\2025-11-20_v1.5_c0_a1_summary.csv
results\pippinusdt_masked_next_open\2025-11-20_v1.5_c0_a2_summary.csv,results\pippinusdt_masked_next_open\2025-11-20_v1.5_c0_a2_summary.csv
results\pippinusdt_masked_next_open\2025-11-20_v1.5_c0_a3_summary.csv,results\pippinusdt_masked_next_open\2025-11-20_v1.5_c0_a3_summary.csv
results\pippinusdt_masked_next_open\2025-11-20_v1.5_c1_a1.5_summary.csv,results\pippinusdt_masked_next_open\2025-11-20_v1.5_c1_a1.5_summary.csv
results\pippinusdt_masked_next_open\2025-11-20_v1.5_c1_a1_summary.csv,results\pippinusdt_masked_next_open\2025-11-20_v1.5_c1_a1_summary.csv
results\pippinusdt_masked_next_open\2025-11-20_v1.5_c1_a2_summary.csv,results\pippinusdt_masked_next_open\2025-11-20_v1.5_c1_a2_summary.csv
results\pippinusdt_masked_next_open\2025-11-20_v1.5_c1_a3_summary.csv,results\pippinusdt_masked_next_open\2025-11-20_v1.5_c1_a3_summary.csv
results\pippinusdt_masked_next_open\2025-11-20_v2_c0_a1.5_summary.csv,results\pippinusdt_masked_next_open\2025-11-20_v2_c0_a1.5_summary.csv
results\pippinusdt_masked_next_open\2025-11-20_v2_c0_a1_summary.csv,results\pippinusdt_masked_next_open\2025-11-20_v2_c0_a1_summary.csv
results\pippinusdt_masked_next_open\2025-11-20_v2_c0_a2_summary.csv,results\pippinusdt_masked_next_open\2025-11-20_v2_c0_a2_summary.csv
results\pippinusdt_masked_next_open\2025-11-20_v2_c0_a3_summary.csv,results\pippinusdt_masked_next_open\2025-11-20_v2_c0_a3_summary.csv
results\pippinusdt_masked_next_open\2025-11-20_v2_c1_a1.5_summary.csv,results\pippinusdt_masked_next_open\2025-11-20_v2_c1_a1.5_summary.csv
results\pippinusdt_masked_next_open\2025-11-20_v2_c1_a1_summary.csv,results\pippinusdt_masked_next_open\2025-11-20_v2_c1_a1_summary.csv
results\pippinusdt_masked_next_open\2025-11-20_v2_c1_a2_summary.csv,results\pippinusdt_masked_next_open\2025-11-20_v2_c1_a2_summary.csv
results\pippinusdt_masked_next_open\2025-11-20_v2_c1_a3_summary.csv,results\pippinusdt_masked_next_open\2025-11-20_v2_c1_a3_summary.csv
results\pippinusdt_masked_next_open\2025-11-20_v3_c0_a1.5_summary.csv,results\pippinusdt_masked_next_open\2025-11-20_v3_c0_a1.5_summary.csv
results\pippinusdt_masked_next_open\2025-11-20_v3_c0_a1_summary.csv,results\pippinusdt_masked_next_open\2025-11-20_v3_c0_a1_summary.csv
results\pippinusdt_masked_next_open\2025-11-20_v3_c0_a2_summary.csv,results\pippinusdt_masked_next_open\2025-11-20_v3_c0_a2_summary.csv
results\pippinusdt_masked_next_open\2025-11-20_v3_c0_a3_summary.csv,results\pippinusdt_masked_next_open\2025-11-20_v3_c0_a3_summary.csv
results\pippinusdt_masked_next_open\2025-11-20_v3_c1_a1.5_summary.csv,results\pippinusdt_masked_next_open\2025-11-20_v3_c1_a1.5_summary.csv
results\pippinusdt_masked_next_open\2025-11-20_v3_c1_a1_summary.csv,results\pippinusdt_masked_next_open\2025-11-20_v3_c1_a1_summary.csv
results\pippinusdt_masked_next_open\2025-11-20_v3_c1_a2_summary.csv,results\pippinusdt_masked_next_open\2025-11-20_v3_c1_a2_summary.csv
results\pippinusdt_masked_next_open\2025-11-20_v3_c1_a3_summary.csv,results\pippinusdt_masked_next_open\2025-11-20_v3_c1_a3_summary.csv
results\pippinusdt_masked_next_open\2025-11-20_v4_c0_a1.5_summary.csv,results\pippinusdt_masked_next_open\2025-11-20_v4_c0_a1.5_summary.csv
results\pippinusdt_masked_next_open\2025-11-20_v4_c0_a1_summary.csv,results\pippinusdt_masked_next_open\2025-11-20_v4_c0_a1_summary.csv
results\pippinusdt_masked_next_open\2025-11-20_v4_c0_a2_summary.csv,results\pippinusdt_masked_next_open\2025-11-20_v4_c0_a2_summary.csv
results\pippinusdt_masked_next_open\2025-11-20_v4_c0_a3_summary.csv,results\pippinusdt_masked_next_open\2025-11-20_v4_c0_a3_summary.csv
results\pippinusdt_masked_next_open\2025-11-20_v4_c1_a1.5_summary.csv,results\pippinusdt_masked_next_open\2025-11-20_v4_c1_a1.5_summary.csv
results\pippinusdt_masked_next_open\2025-11-20_v4_c1_a1_summary.csv,results\pippinusdt_masked_next_open\2025-11-20_v4_c1_a1_summary.csv
results\pippinusdt_masked_next_open\2025-11-20_v4_c1_a2_summary.csv,results\pippinusdt_masked_next_open\2025-11-20_v4_c1_a2_summary.csv
results\pippinusdt_masked_next_open\2025-11-20_v4_c1_a3_summary.csv,results\pippinusdt_masked_next_open\2025-11-20_v4_c1_a3_summary.csv
results\pippinusdt_masked_next_open\2025-11-20_v5_c0_a1.5_summary.csv,results\pippinusdt_masked_next_open\2025-11-20_v5_c0_a1.5_summary.csv
results\pippinusdt_masked_next_open\2025-11-20_v5_c0_a1_summary.csv,results\pippinusdt_masked_next_open\2025-11-20_v5_c0_a1_summary.csv
results\pippinusdt_masked_next_open\2025-11-20_v5_c0_a2_summary.csv,results\pippinusdt_masked_next_open\2025-11-20_v5_c0_a2_summary.csv
results\pippinusdt_masked_next_open\2025-11-20_v5_c0_a3_summary.csv,results\pippinusdt_masked_next_open\2025-11-20_v5_c0_a3_summary.csv
results\pippinusdt_masked_next_open\2025-11-20_v5_c1_a1.5_summary.csv,results\pippinusdt_masked_next_open\2025-11-20_v5_c1_a1.5_summary.csv
results\pippinusdt_masked_next_open\2025-11-20_v5_c1_a1_summary.csv,results\pippinusdt_masked_next_open\2025-11-20_v5_c1_a1_summary.csv
results\pippinusdt_masked_next_open\2025-11-20_v5_c1_a2_summary.csv,results\pippinusdt_masked_next_open\2025-11-20_v5_c1_a2_summary.csv
results\pippinusdt_masked_next_open\2025-11-20_v5_c1_a3_summary.csv,results\pippinusdt_masked_next_open\2025-11-20_v5_c1_a3_summary.csv
results\pippinusdt_masked_next_open\2025-11-21_v1.5_c0_a1.5_summary.csv,results\pippinusdt_masked_next_open\2025-11-21_v1.5_c0_a1.5_summary.csv
results\pippinusdt_masked_next_open\2025-11-21_v1.5_c0_a1_summary.csv,results\pippinusdt_masked_next_open\2025-11-21_v1.5_c0_a1_summary.csv
results\pippinusdt_masked_next_open\2025-11-21_v1.5_c0_a2_summary.csv,results\pippinusdt_masked_next_open\2025-11-21_v1.5_c0_a2_summary.csv
results\pippinusdt_masked_next_open\2025-11-21_v1.5_c0_a3_summary.csv,results\pippinusdt_masked_next_open\2025-11-21_v1.5_c0_a3_summary.csv
results\pippinusdt_masked_next_open\2025-11-21_v1.5_c1_a1.5_summary.csv,results\pippinusdt_masked_next_open\2025-11-21_v1.5_c1_a1.5_summary.csv
results\pippinusdt_masked_next_open\2025-11-21_v1.5_c1_a1_summary.csv,results\pippinusdt_masked_next_open\2025-11-21_v1.5_c1_a1_summary.csv
results\pippinusdt_masked_next_open\2025-11-21_v1.5_c1_a2_summary.csv,results\pippinusdt_masked_next_open\2025-11-21_v1.5_c1_a2_summary.csv
results\pippinusdt_masked_next_open\2025-11-21_v1.5_c1_a3_summary.csv,results\pippinusdt_masked_next_open\2025-11-21_v1.5_c1_a3_summary.csv
results\pippinusdt_masked_next_open\2025-11-21_v2_c0_a1.5_summary.csv,results\pippinusdt_masked_next_open\2025-11-21_v2_c0_a1.5_summary.csv
results\pippinusdt_masked_next_open\2025-11-21_v2_c0_a1_summary.csv,results\pippinusdt_masked_next_open\2025-11-21_v2_c0_a1_summary.csv
results\pippinusdt_masked_next_open\2025-11-21_v2_c0_a2_summary.csv,results\pippinusdt_masked_next_open\2025-11-21_v2_c0_a2_summary.csv
results\pippinusdt_masked_next_open\2025-11-21_v2_c0_a3_summary.csv,results\pippinusdt_masked_next_open\2025-11-21_v2_c0_a3_summary.csv
results\pippinusdt_masked_next_open\2025-11-21_v2_c1_a1.5_summary.csv,results\pippinusdt_masked_next_open\2025-11-21_v2_c1_a1.5_summary.csv
results\pippinusdt_masked_next_open\2025-11-21_v2_c1_a1_summary.csv,results\pippinusdt_masked_next_open\2025-11-21_v2_c1_a1_summary.csv
results\pippinusdt_masked_next_open\2025-11-21_v2_c1_a2_summary.csv,results\pippinusdt_masked_next_open\2025-11-21_v2_c1_a2_summary.csv
results\pippinusdt_masked_next_open\2025-11-21_v2_c1_a3_summary.csv,results\pippinusdt_masked_next_open\2025-11-21_v2_c1_a3_summary.csv
results\pippinusdt_masked_next_open\2025-11-21_v3_c0_a1.5_summary.csv,results\pippinusdt_masked_next_open\2025-11-21_v3_c0_a1.5_summary.csv
results\pippinusdt_masked_next_open\2025-11-21_v3_c0_a1_summary.csv,results\pippinusdt_masked_next_open\2025-11-21_v3_c0_a1_summary.csv
results\pippinusdt_masked_next_open\2025-11-21_v3_c0_a2_summary.csv,results\pippinusdt_masked_next_open\2025-11-21_v3_c0_a2_summary.csv
results\pippinusdt_masked_next_open\2025-11-21_v3_c0_a3_summary.csv,results\pippinusdt_masked_next_open\2025-11-21_v3_c0_a3_summary.csv
results\pippinusdt_masked_next_open\2025-11-21_v3_c1_a1.5_summary.csv,results\pippinusdt_masked_next_open\2025-11-21_v3_c1_a1.5_summary.csv
results\pippinusdt_masked_next_open\2025-11-21_v3_c1_a1_summary.csv,results\pippinusdt_masked_next_open\2025-11-21_v3_c1_a1_summary.csv
results\pippinusdt_masked_next_open\2025-11-21_v3_c1_a2_summary.csv,results\pippinusdt_masked_next_open\2025-11-21_v3_c1_a2_summary.csv
results\pippinusdt_masked_next_open\2025-11-21_v3_c1_a3_summary.csv,results\pippinusdt_masked_next_open\2025-11-21_v3_c1_a3_summary.csv
results\pippinusdt_masked_next_open\2025-11-21_v4_c0_a1.5_summary.csv,results\pippinusdt_masked_next_open\2025-11-21_v4_c0_a1.5_summary.csv
results\pippinusdt_masked_next_open\2025-11-21_v4_c0_a1_summary.csv,results\pippinusdt_masked_next_open\2025-11-21_v4_c0_a1_summary.csv
results\pippinusdt_masked_next_open\2025-11-21_v4_c0_a2_summary.csv,results\pippinusdt_masked_next_open\2025-11-21_v4_c0_a2_summary.csv
results\pippinusdt_masked_next_open\2025-11-21_v4_c0_a3_summary.csv,results\pippinusdt_masked_next_open\2025-11-21_v4_c0_a3_summary.csv
results\pippinusdt_masked_next_open\2025-11-21_v4_c1_a1.5_summary.csv,results\pippinusdt_masked_next_open\2025-11-21_v4_c1_a1.5_summary.csv
results\pippinusdt_masked_next_open\2025-11-21_v4_c1_a1_summary.csv,results\pippinusdt_masked_next_open\2025-11-21_v4_c1_a1_summary.csv
results\pippinusdt_masked_next_open\2025-11-21_v4_c1_a2_summary.csv,results\pippinusdt_masked_next_open\2025-11-21_v4_c1_a2_summary.csv
results\pippinusdt_masked_next_open\2025-11-21_v4_c1_a3_summary.csv,results\pippinusdt_masked_next_open\2025-11-21_v4_c1_a3_summary.csv
results\pippinusdt_masked_next_open\2025-11-21_v5_c0_a1.5_summary.csv,results\pippinusdt_masked_next_open\2025-11-21_v5_c0_a1.5_summary.csv
results\pippinusdt_masked_next_open\2025-11-21_v5_c0_a1_summary.csv,results\pippinusdt_masked_next_open\2025-11-21_v5_c0_a1_summary.csv
results\pippinusdt_masked_next_open\2025-11-21_v5_c0_a2_summary.csv,results\pippinusdt_masked_next_open\2025-11-21_v5_c0_a2_summary.csv
results\pippinusdt_masked_next_open\2025-11-21_v5_c0_a3_summary.csv,results\pippinusdt_masked_next_open\2025-11-21_v5_c0_a3_summary.csv
results\pippinusdt_masked_next_open\2025-11-21_v5_c1_a1.5_summary.csv,results\pippinusdt_masked_next_open\2025-11-21_v5_c1_a1.5_summary.csv
results\pippinusdt_masked_next_open\2025-11-21_v5_c1_a1_summary.csv,results\pippinusdt_masked_next_open\2025-11-21_v5_c1_a1_summary.csv
results\pippinusdt_masked_next_open\2025-11-21_v5_c1_a2_summary.csv,results\pippinusdt_masked_next_open\2025-11-21_v5_c1_a2_summary.csv
results\pippinusdt_masked_next_open\2025-11-21_v5_c1_a3_summary.csv,results\pippinusdt_masked_next_open\2025-11-21_v5_c1_a3_summary.csv
results\pippinusdt_masked_next_open\2025-11-22_v1.5_c0_a1.5_summary.csv,results\pippinusdt_masked_next_open\2025-11-22_v1.5_c0_a1.5_summary.csv
results\pippinusdt_masked_next_open\2025-11-22_v1.5_c0_a1_summary.csv,results\pippinusdt_masked_next_open\2025-11-22_v1.5_c0_a1_summary.csv
results\pippinusdt_masked_next_open\2025-11-22_v1.5_c0_a2_summary.csv,results\pippinusdt_masked_next_open\2025-11-22_v1.5_c0_a2_summary.csv
results\pippinusdt_masked_next_open\2025-11-22_v1.5_c0_a3_summary.csv,results\pippinusdt_masked_next_open\2025-11-22_v1.5_c0_a3_summary.csv
results\pippinusdt_masked_next_open\2025-11-22_v1.5_c1_a1.5_summary.csv,results\pippinusdt_masked_next_open\2025-11-22_v1.5_c1_a1.5_summary.csv
results\pippinusdt_masked_next_open\2025-11-22_v1.5_c1_a1_summary.csv,results\pippinusdt_masked_next_open\2025-11-22_v1.5_c1_a1_summary.csv
results\pippinusdt_masked_next_open\2025-11-22_v1.5_c1_a2_summary.csv,results\pippinusdt_masked_next_open\2025-11-22_v1.5_c1_a2_summary.csv
results\pippinusdt_masked_next_open\2025-11-22_v1.5_c1_a3_summary.csv,results\pippinusdt_masked_next_open\2025-11-22_v1.5_c1_a3_summary.csv
results\pippinusdt_masked_next_open\2025-11-22_v2_c0_a1.5_summary.csv,results\pippinusdt_masked_next_open\2025-11-22_v2_c0_a1.5_summary.csv
results\pippinusdt_masked_next_open\2025-11-22_v2_c0_a1_summary.csv,results\pippinusdt_masked_next_open\2025-11-22_v2_c0_a1_summary.csv
results\pippinusdt_masked_next_open\2025-11-22_v2_c0_a2_summary.csv,results\pippinusdt_masked_next_open\2025-11-22_v2_c0_a2_summary.csv
results\pippinusdt_masked_next_open\2025-11-22_v2_c0_a3_summary.csv,results\pippinusdt_masked_next_open\2025-11-22_v2_c0_a3_summary.csv
results\pippinusdt_masked_next_open\2025-11-22_v2_c1_a1.5_summary.csv,results\pippinusdt_masked_next_open\2025-11-22_v2_c1_a1.5_summary.csv
results\pippinusdt_masked_next_open\2025-11-22_v2_c1_a1_summary.csv,results\pippinusdt_masked_next_open\2025-11-22_v2_c1_a1_summary.csv
results\pippinusdt_masked_next_open\2025-11-22_v2_c1_a2_summary.csv,results\pippinusdt_masked_next_open\2025-11-22_v2_c1_a2_summary.csv
results\pippinusdt_masked_next_open\2025-11-22_v2_c1_a3_summary.csv,results\pippinusdt_masked_next_open\2025-11-22_v2_c1_a3_summary.csv
results\pippinusdt_masked_next_open\2025-11-22_v3_c0_a1.5_summary.csv,results\pippinusdt_masked_next_open\2025-11-22_v3_c0_a1.5_summary.csv
results\pippinusdt_masked_next_open\2025-11-22_v3_c0_a1_summary.csv,results\pippinusdt_masked_next_open\2025-11-22_v3_c0_a1_summary.csv
results\pippinusdt_masked_next_open\2025-11-22_v3_c0_a2_summary.csv,results\pippinusdt_masked_next_open\2025-11-22_v3_c0_a2_summary.csv
results\pippinusdt_masked_next_open\2025-11-22_v3_c0_a3_summary.csv,results\pippinusdt_masked_next_open\2025-11-22_v3_c0_a3_summary.csv
results\pippinusdt_masked_next_open\2025-11-22_v3_c1_a1.5_summary.csv,results\pippinusdt_masked_next_open\2025-11-22_v3_c1_a1.5_summary.csv
results\pippinusdt_masked_next_open\2025-11-22_v3_c1_a1_summary.csv,results\pippinusdt_masked_next_open\2025-11-22_v3_c1_a1_summary.csv
results\pippinusdt_masked_next_open\2025-11-22_v3_c1_a2_summary.csv,results\pippinusdt_masked_next_open\2025-11-22_v3_c1_a2_summary.csv
results\pippinusdt_masked_next_open\2025-11-22_v3_c1_a3_summary.csv,results\pippinusdt_masked_next_open\2025-11-22_v3_c1_a3_summary.csv
results\pippinusdt_masked_next_open\2025-11-22_v4_c0_a1.5_summary.csv,results\pippinusdt_masked_next_open\2025-11-22_v4_c0_a1.5_summary.csv
results\pippinusdt_masked_next_open\2025-11-22_v4_c0_a1_summary.csv,results\pippinusdt_masked_next_open\2025-11-22_v4_c0_a1_summary.csv
results\pippinusdt_masked_next_open\2025-11-22_v4_c0_a2_summary.csv,results\pippinusdt_masked_next_open\2025-11-22_v4_c0_a2_summary.csv
results\pippinusdt_masked_next_open\2025-11-22_v4_c0_a3_summary.csv,results\pippinusdt_masked_next_open\2025-11-22_v4_c0_a3_summary.csv
results\pippinusdt_masked_next_open\2025-11-22_v4_c1_a1.5_summary.csv,results\pippinusdt_masked_next_open\2025-11-22_v4_c1_a1.5_summary.csv
results\pippinusdt_masked_next_open\2025-11-22_v4_c1_a1_summary.csv,results\pippinusdt_masked_next_open\2025-11-22_v4_c1_a1_summary.csv
results\pippinusdt_masked_next_open\2025-11-22_v4_c1_a2_summary.csv,results\pippinusdt_masked_next_open\2025-11-22_v4_c1_a2_summary.csv
results\pippinusdt_masked_next_open\2025-11-22_v4_c1_a3_summary.csv,results\pippinusdt_masked_next_open\2025-11-22_v4_c1_a3_summary.csv
results\pippinusdt_masked_next_open\2025-11-22_v5_c0_a1.5_summary.csv,results\pippinusdt_masked_next_open\2025-11-22_v5_c0_a1.5_summary.csv
results\pippinusdt_masked_next_open\2025-11-22_v5_c0_a1_summary.csv,results\pippinusdt_masked_next_open\2025-11-22_v5_c0_a1_summary.csv
results\pippinusdt_masked_next_open\2025-11-22_v5_c0_a2_summary.csv,results\pippinusdt_masked_next_open\2025-11-22_v5_c0_a2_summary.csv
results\pippinusdt_masked_next_open\2025-11-22_v5_c0_a3_summary.csv,results\pippinusdt_masked_next_open\2025-11-22_v5_c0_a3_summary.csv
results\pippinusdt_masked_next_open\2025-11-22_v5_c1_a1.5_summary.csv,results\pippinusdt_masked_next_open\2025-11-22_v5_c1_a1.5_summary.csv
results\pippinusdt_masked_next_open\2025-11-22_v5_c1_a1_summary.csv,results\pippinusdt_masked_next_open\2025-11-22_v5_c1_a1_summary.csv
results\pippinusdt_masked_next_open\2025-11-22_v5_c1_a2_summary.csv,results\pippinusdt_masked_next_open\2025-11-22_v5_c1_a2_summary.csv
results\pippinusdt_masked_next_open\2025-11-22_v5_c1_a3_summary.csv,results\pippinusdt_masked_next_open\2025-11-22_v5_c1_a3_summary.csv
results\pippinusdt_masked_next_open\2025-11-23_v1.5_c0_a1.5_summary.csv,results\pippinusdt_masked_next_open\2025-11-23_v1.5_c0_a1.5_summary.csv
results\pippinusdt_masked_next_open\2025-11-23_v1.5_c0_a1_summary.csv,results\pippinusdt_masked_next_open\2025-11-23_v1.5_c0_a1_summary.csv
results\pippinusdt_masked_next_open\2025-11-23_v1.5_c0_a2_summary.csv,results\pippinusdt_masked_next_open\2025-11-23_v1.5_c0_a2_summary.csv
results\pippinusdt_masked_next_open\2025-11-23_v1.5_c0_a3_summary.csv,results\pippinusdt_masked_next_open\2025-11-23_v1.5_c0_a3_summary.csv
results\pippinusdt_masked_next_open\2025-11-23_v1.5_c1_a1.5_summary.csv,results\pippinusdt_masked_next_open\2025-11-23_v1.5_c1_a1.5_summary.csv
results\pippinusdt_masked_next_open\2025-11-23_v1.5_c1_a1_summary.csv,results\pippinusdt_masked_next_open\2025-11-23_v1.5_c1_a1_summary.csv
results\pippinusdt_masked_next_open\2025-11-23_v1.5_c1_a2_summary.csv,results\pippinusdt_masked_next_open\2025-11-23_v1.5_c1_a2_summary.csv
results\pippinusdt_masked_next_open\2025-11-23_v1.5_c1_a3_summary.csv,results\pippinusdt_masked_next_open\2025-11-23_v1.5_c1_a3_summary.csv
results\pippinusdt_masked_next_open\2025-11-23_v2_c0_a1.5_summary.csv,results\pippinusdt_masked_next_open\2025-11-23_v2_c0_a1.5_summary.csv
results\pippinusdt_masked_next_open\2025-11-23_v2_c0_a1_summary.csv,results\pippinusdt_masked_next_open\2025-11-23_v2_c0_a1_summary.csv
results\pippinusdt_masked_next_open\2025-11-23_v2_c0_a2_summary.csv,results\pippinusdt_masked_next_open\2025-11-23_v2_c0_a2_summary.csv
results\pippinusdt_masked_next_open\2025-11-23_v2_c0_a3_summary.csv,results\pippinusdt_masked_next_open\2025-11-23_v2_c0_a3_summary.csv
results\pippinusdt_masked_next_open\2025-11-23_v2_c1_a1.5_summary.csv,results\pippinusdt_masked_next_open\2025-11-23_v2_c1_a1.5_summary.csv
results\pippinusdt_masked_next_open\2025-11-23_v2_c1_a1_summary.csv,results\pippinusdt_masked_next_open\2025-11-23_v2_c1_a1_summary.csv
results\pippinusdt_masked_next_open\2025-11-23_v2_c1_a2_summary.csv,results\pippinusdt_masked_next_open\2025-11-23_v2_c1_a2_summary.csv
results\pippinusdt_masked_next_open\2025-11-23_v2_c1_a3_summary.csv,results\pippinusdt_masked_next_open\2025-11-23_v2_c1_a3_summary.csv
results\pippinusdt_masked_next_open\2025-11-23_v3_c0_a1.5_summary.csv,results\pippinusdt_masked_next_open\2025-11-23_v3_c0_a1.5_summary.csv
results\pippinusdt_masked_next_open\2025-11-23_v3_c0_a1_summary.csv,results\pippinusdt_masked_next_open\2025-11-23_v3_c0_a1_summary.csv
results\pippinusdt_masked_next_open\2025-11-23_v3_c0_a2_summary.csv,results\pippinusdt_masked_next_open\2025-11-23_v3_c0_a2_summary.csv
results\pippinusdt_masked_next_open\2025-11-23_v3_c0_a3_summary.csv,results\pippinusdt_masked_next_open\2025-11-23_v3_c0_a3_summary.csv
results\pippinusdt_masked_next_open\2025-11-23_v3_c1_a1.5_summary.csv,results\pippinusdt_masked_next_open\2025-11-23_v3_c1_a1.5_summary.csv
results\pippinusdt_masked_next_open\2025-11-23_v3_c1_a1_summary.csv,results\pippinusdt_masked_next_open\2025-11-23_v3_c1_a1_summary.csv
results\pippinusdt_masked_next_open\2025-11-23_v3_c1_a2_summary.csv,results\pippinusdt_masked_next_open\2025-11-23_v3_c1_a2_summary.csv
results\pippinusdt_masked_next_open\2025-11-23_v3_c1_a3_summary.csv,results\pippinusdt_masked_next_open\2025-11-23_v3_c1_a3_summary.csv
results\pippinusdt_masked_next_open\2025-11-23_v4_c0_a1.5_summary.csv,results\pippinusdt_masked_next_open\2025-11-23_v4_c0_a1.5_summary.csv
results\pippinusdt_masked_next_open\2025-11-23_v4_c0_a1_summary.csv,results\pippinusdt_masked_next_open\2025-11-23_v4_c0_a1_summary.csv
results\pippinusdt_masked_next_open\2025-11-23_v4_c0_a2_summary.csv,results\pippinusdt_masked_next_open\2025-11-23_v4_c0_a2_summary.csv
results\pippinusdt_masked_next_open\2025-11-23_v4_c0_a3_summary.csv,results\pippinusdt_masked_next_open\2025-11-23_v4_c0_a3_summary.csv
results\pippinusdt_masked_next_open\2025-11-23_v4_c1_a1.5_summary.csv,results\pippinusdt_masked_next_open\2025-11-23_v4_c1_a1.5_summary.csv
results\pippinusdt_masked_next_open\2025-11-23_v4_c1_a1_summary.csv,results\pippinusdt_masked_next_open\2025-11-23_v4_c1_a1_summary.csv
results\pippinusdt_masked_next_open\2025-11-23_v4_c1_a2_summary.csv,results\pippinusdt_masked_next_open\2025-11-23_v4_c1_a2_summary.csv
results\pippinusdt_masked_next_open\2025-11-23_v4_c1_a3_summary.csv,results\pippinusdt_masked_next_open\2025-11-23_v4_c1_a3_summary.csv
results\pippinusdt_masked_next_open\2025-11-23_v5_c0_a1.5_summary.csv,results\pippinusdt_masked_next_open\2025-11-23_v5_c0_a1.5_summary.csv
results\pippinusdt_masked_next_open\2025-11-23_v5_c0_a1_summary.csv,results\pippinusdt_masked_next_open\2025-11-23_v5_c0_a1_summary.csv
results\pippinusdt_masked_next_open\2025-11-23_v5_c0_a2_summary.csv,results\pippinusdt_masked_next_open\2025-11-23_v5_c0_a2_summary.csv
results\pippinusdt_masked_next_open\2025-11-23_v5_c0_a3_summary.csv,results\pippinusdt_masked_next_open\2025-11-23_v5_c0_a3_summary.csv
results\pippinusdt_masked_next_open\2025-11-23_v5_c1_a1.5_summary.csv,results\pippinusdt_masked_next_open\2025-11-23_v5_c1_a1.5_summary.csv
results\pippinusdt_masked_next_open\2025-11-23_v5_c1_a1_summary.csv,results\pippinusdt_masked_next_open\2025-11-23_v5_c1_a1_summary.csv
results\pippinusdt_masked_next_open\2025-11-23_v5_c1_a2_summary.csv,results\pippinusdt_masked_next_open\2025-11-23_v5_c1_a2_summary.csv
results\pippinusdt_masked_next_open\2025-11-23_v5_c1_a3_summary.csv,results\pippinusdt_masked_next_open\2025-11-23_v5_c1_a3_summary.csv
results\pippinusdt_masked_next_open\2025-11-24_v1.5_c0_a1.5_summary.csv,results\pippinusdt_masked_next_open\2025-11-24_v1.5_c0_a1.5_summary.csv
results\pippinusdt_masked_next_open\2025-11-24_v1.5_c0_a1_summary.csv,results\pippinusdt_masked_next_open\2025-11-24_v1.5_c0_a1_summary.csv
results\pippinusdt_masked_next_open\2025-11-24_v1.5_c0_a2_summary.csv,results\pippinusdt_masked_next_open\2025-11-24_v1.5_c0_a2_summary.csv
results\pippinusdt_masked_next_open\2025-11-24_v1.5_c0_a3_summary.csv,results\pippinusdt_masked_next_open\2025-11-24_v1.5_c0_a3_summary.csv
results\pippinusdt_masked_next_open\2025-11-24_v1.5_c1_a1.5_summary.csv,results\pippinusdt_masked_next_open\2025-11-24_v1.5_c1_a1.5_summary.csv
results\pippinusdt_masked_next_open\2025-11-24_v1.5_c1_a1_summary.csv,results\pippinusdt_masked_next_open\2025-11-24_v1.5_c1_a1_summary.csv
results\pippinusdt_masked_next_open\2025-11-24_v1.5_c1_a2_summary.csv,results\pippinusdt_masked_next_open\2025-11-24_v1.5_c1_a2_summary.csv
results\pippinusdt_masked_next_open\2025-11-24_v1.5_c1_a3_summary.csv,results\pippinusdt_masked_next_open\2025-11-24_v1.5_c1_a3_summary.csv
results\pippinusdt_masked_next_open\2025-11-24_v2_c0_a1.5_summary.csv,results\pippinusdt_masked_next_open\2025-11-24_v2_c0_a1.5_summary.csv
results\pippinusdt_masked_next_open\2025-11-24_v2_c0_a1_summary.csv,results\pippinusdt_masked_next_open\2025-11-24_v2_c0_a1_summary.csv
results\pippinusdt_masked_next_open\2025-11-24_v2_c0_a2_summary.csv,results\pippinusdt_masked_next_open\2025-11-24_v2_c0_a2_summary.csv
results\pippinusdt_masked_next_open\2025-11-24_v2_c0_a3_summary.csv,results\pippinusdt_masked_next_open\2025-11-24_v2_c0_a3_summary.csv
results\pippinusdt_masked_next_open\2025-11-24_v2_c1_a1.5_summary.csv,results\pippinusdt_masked_next_open\2025-11-24_v2_c1_a1.5_summary.csv
results\pippinusdt_masked_next_open\2025-11-24_v2_c1_a1_summary.csv,results\pippinusdt_masked_next_open\2025-11-24_v2_c1_a1_summary.csv
results\pippinusdt_masked_next_open\2025-11-24_v2_c1_a2_summary.csv,results\pippinusdt_masked_next_open\2025-11-24_v2_c1_a2_summary.csv
results\pippinusdt_masked_next_open\2025-11-24_v2_c1_a3_summary.csv,results\pippinusdt_masked_next_open\2025-11-24_v2_c1_a3_summary.csv
results\pippinusdt_masked_next_open\2025-11-24_v3_c0_a1.5_summary.csv,results\pippinusdt_masked_next_open\2025-11-24_v3_c0_a1.5_summary.csv
results\pippinusdt_masked_next_open\2025-11-24_v3_c0_a1_summary.csv,results\pippinusdt_masked_next_open\2025-11-24_v3_c0_a1_summary.csv
results\pippinusdt_masked_next_open\2025-11-24_v3_c0_a2_summary.csv,results\pippinusdt_masked_next_open\2025-11-24_v3_c0_a2_summary.csv
results\pippinusdt_masked_next_open\2025-11-24_v3_c0_a3_summary.csv,results\pippinusdt_masked_next_open\2025-11-24_v3_c0_a3_summary.csv
results\pippinusdt_masked_next_open\2025-11-24_v3_c1_a1.5_summary.csv,results\pippinusdt_masked_next_open\2025-11-24_v3_c1_a1.5_summary.csv
results\pippinusdt_masked_next_open\2025-11-24_v3_c1_a1_summary.csv,results\pippinusdt_masked_next_open\2025-11-24_v3_c1_a1_summary.csv
results\pippinusdt_masked_next_open\2025-11-24_v3_c1_a2_summary.csv,results\pippinusdt_masked_next_open\2025-11-24_v3_c1_a2_summary.csv
results\pippinusdt_masked_next_open\2025-11-24_v3_c1_a3_summary.csv,results\pippinusdt_masked_next_open\2025-11-24_v3_c1_a3_summary.csv
results\pippinusdt_masked_next_open\2025-11-24_v4_c0_a1.5_summary.csv,results\pippinusdt_masked_next_open\2025-11-24_v4_c0_a1.5_summary.csv
results\pippinusdt_masked_next_open\2025-11-24_v4_c0_a1_summary.csv,results\pippinusdt_masked_next_open\2025-11-24_v4_c0_a1_summary.csv
results\pippinusdt_masked_next_open\2025-11-24_v4_c0_a2_summary.csv,results\pippinusdt_masked_next_open\2025-11-24_v4_c0_a2_summary.csv
results\pippinusdt_masked_next_open\2025-11-24_v4_c0_a3_summary.csv,results\pippinusdt_masked_next_open\2025-11-24_v4_c0_a3_summary.csv
results\pippinusdt_masked_next_open\2025-11-24_v4_c1_a1.5_summary.csv,results\pippinusdt_masked_next_open\2025-11-24_v4_c1_a1.5_summary.csv
results\pippinusdt_masked_next_open\2025-11-24_v4_c1_a1_summary.csv,results\pippinusdt_masked_next_open\2025-11-24_v4_c1_a1_summary.csv
results\pippinusdt_masked_next_open\2025-11-24_v4_c1_a2_summary.csv,results\pippinusdt_masked_next_open\2025-11-24_v4_c1_a2_summary.csv
results\pippinusdt_masked_next_open\2025-11-24_v4_c1_a3_summary.csv,results\pippinusdt_masked_next_open\2025-11-24_v4_c1_a3_summary.csv
results\pippinusdt_masked_next_open\2025-11-24_v5_c0_a1.5_summary.csv,results\pippinusdt_masked_next_open\2025-11-24_v5_c0_a1.5_summary.csv
results\pippinusdt_masked_next_open\2025-11-24_v5_c0_a1_summary.csv,results\pippinusdt_masked_next_open\2025-11-24_v5_c0_a1_summary.csv
results\pippinusdt_masked_next_open\2025-11-24_v5_c0_a2_summary.csv,results\pippinusdt_masked_next_open\2025-11-24_v5_c0_a2_summary.csv
results\pippinusdt_masked_next_open\2025-11-24_v5_c0_a3_summary.csv,results\pippinusdt_masked_next_open\2025-11-24_v5_c0_a3_summary.csv
results\pippinusdt_masked_next_open\2025-11-24_v5_c1_a1.5_summary.csv,results\pippinusdt_masked_next_open\2025-11-24_v5_c1_a1.5_summary.csv
results\pippinusdt_masked_next_open\2025-11-24_v5_c1_a1_summary.csv,results\pippinusdt_masked_next_open\2025-11-24_v5_c1_a1_summary.csv
results\pippinusdt_masked_next_open\2025-11-24_v5_c1_a2_summary.csv,results\pippinusdt_masked_next_open\2025-11-24_v5_c1_a2_summary.csv
results\pippinusdt_masked_next_open\2025-11-24_v5_c1_a3_summary.csv,results\pippinusdt_masked_next_open\2025-11-24_v5_c1_a3_summary.csv
results\pippinusdt_next_open_sim\2025-11-18_v0.5_c0_sl0.005_summary.csv,results\pippinusdt_next_open_sim\2025-11-18_v0.5_c0_sl0.005_summary.csv
results\pippinusdt_next_open_sim\2025-11-18_v0.5_c0_sl0.01_summary.csv,results\pippinusdt_next_open_sim\2025-11-18_v0.5_c0_sl0.01_summary.csv
results\pippinusdt_next_open_sim\2025-11-18_v0.5_c1_sl0.005_summary.csv,results\pippinusdt_next_open_sim\2025-11-18_v0.5_c1_sl0.005_summary.csv
results\pippinusdt_next_open_sim\2025-11-18_v0.5_c1_sl0.01_summary.csv,results\pippinusdt_next_open_sim\2025-11-18_v0.5_c1_sl0.01_summary.csv
results\pippinusdt_next_open_sim\2025-11-18_v0.5_c2_sl0.005_summary.csv,results\pippinusdt_next_open_sim\2025-11-18_v0.5_c2_sl0.005_summary.csv
results\pippinusdt_next_open_sim\2025-11-18_v0.5_c2_sl0.01_summary.csv,results\pippinusdt_next_open_sim\2025-11-18_v0.5_c2_sl0.01_summary.csv
results\pippinusdt_next_open_sim\2025-11-18_v1.5_c0_sl0.005_summary.csv,results\pippinusdt_next_open_sim\2025-11-18_v1.5_c0_sl0.005_summary.csv
results\pippinusdt_next_open_sim\2025-11-18_v1.5_c0_sl0.01_summary.csv,results\pippinusdt_next_open_sim\2025-11-18_v1.5_c0_sl0.01_summary.csv
results\pippinusdt_next_open_sim\2025-11-18_v1.5_c1_sl0.005_summary.csv,results\pippinusdt_next_open_sim\2025-11-18_v1.5_c1_sl0.005_summary.csv
results\pippinusdt_next_open_sim\2025-11-18_v1.5_c1_sl0.01_summary.csv,results\pippinusdt_next_open_sim\2025-11-18_v1.5_c1_sl0.01_summary.csv
results\pippinusdt_next_open_sim\2025-11-18_v1.5_c2_sl0.005_summary.csv,results\pippinusdt_next_open_sim\2025-11-18_v1.5_c2_sl0.005_summary.csv
results\pippinusdt_next_open_sim\2025-11-18_v1.5_c2_sl0.01_summary.csv,results\pippinusdt_next_open_sim\2025-11-18_v1.5_c2_sl0.01_summary.csv
results\pippinusdt_next_open_sim\2025-11-18_v1_c0_sl0.005_summary.csv,results\pippinusdt_next_open_sim\2025-11-18_v1_c0_sl0.005_summary.csv
results\pippinusdt_next_open_sim\2025-11-18_v1_c0_sl0.01_summary.csv,results\pippinusdt_next_open_sim\2025-11-18_v1_c0_sl0.01_summary.csv
results\pippinusdt_next_open_sim\2025-11-18_v1_c1_sl0.005_summary.csv,results\pippinusdt_next_open_sim\2025-11-18_v1_c1_sl0.005_summary.csv
results\pippinusdt_next_open_sim\2025-11-18_v1_c1_sl0.01_summary.csv,results\pippinusdt_next_open_sim\2025-11-18_v1_c1_sl0.01_summary.csv
results\pippinusdt_next_open_sim\2025-11-18_v1_c2_sl0.005_summary.csv,results\pippinusdt_next_open_sim\2025-11-18_v1_c2_sl0.005_summary.csv
results\pippinusdt_next_open_sim\2025-11-18_v1_c2_sl0.01_summary.csv,results\pippinusdt_next_open_sim\2025-11-18_v1_c2_sl0.01_summary.csv
results\pippinusdt_next_open_sim\2025-11-18_v2_c0_sl0.005_summary.csv,results\pippinusdt_next_open_sim\2025-11-18_v2_c0_sl0.005_summary.csv
results\pippinusdt_next_open_sim\2025-11-18_v2_c0_sl0.01_summary.csv,results\pippinusdt_next_open_sim\2025-11-18_v2_c0_sl0.01_summary.csv
results\pippinusdt_next_open_sim\2025-11-18_v2_c1_sl0.005_summary.csv,results\pippinusdt_next_open_sim\2025-11-18_v2_c1_sl0.005_summary.csv
results\pippinusdt_next_open_sim\2025-11-18_v2_c1_sl0.01_summary.csv,results\pippinusdt_next_open_sim\2025-11-18_v2_c1_sl0.01_summary.csv
results\pippinusdt_next_open_sim\2025-11-18_v2_c2_sl0.005_summary.csv,results\pippinusdt_next_open_sim\2025-11-18_v2_c2_sl0.005_summary.csv
results\pippinusdt_next_open_sim\2025-11-18_v2_c2_sl0.01_summary.csv,results\pippinusdt_next_open_sim\2025-11-18_v2_c2_sl0.01_summary.csv
results\pippinusdt_next_open_sim\2025-11-19_v0.5_c0_sl0.005_summary.csv,results\pippinusdt_next_open_sim\2025-11-19_v0.5_c0_sl0.005_summary.csv
results\pippinusdt_next_open_sim\2025-11-19_v0.5_c0_sl0.01_summary.csv,results\pippinusdt_next_open_sim\2025-11-19_v0.5_c0_sl0.01_summary.csv
results\pippinusdt_next_open_sim\2025-11-19_v0.5_c1_sl0.005_summary.csv,results\pippinusdt_next_open_sim\2025-11-19_v0.5_c1_sl0.005_summary.csv
results\pippinusdt_next_open_sim\2025-11-19_v0.5_c1_sl0.01_summary.csv,results\pippinusdt_next_open_sim\2025-11-19_v0.5_c1_sl0.01_summary.csv
results\pippinusdt_next_open_sim\2025-11-19_v0.5_c2_sl0.005_summary.csv,results\pippinusdt_next_open_sim\2025-11-19_v0.5_c2_sl0.005_summary.csv
results\pippinusdt_next_open_sim\2025-11-19_v0.5_c2_sl0.01_summary.csv,results\pippinusdt_next_open_sim\2025-11-19_v0.5_c2_sl0.01_summary.csv
results\pippinusdt_next_open_sim\2025-11-19_v1.5_c0_sl0.005_summary.csv,results\pippinusdt_next_open_sim\2025-11-19_v1.5_c0_sl0.005_summary.csv
results\pippinusdt_next_open_sim\2025-11-19_v1.5_c0_sl0.01_summary.csv,results\pippinusdt_next_open_sim\2025-11-19_v1.5_c0_sl0.01_summary.csv
results\pippinusdt_next_open_sim\2025-11-19_v1.5_c1_sl0.005_summary.csv,results\pippinusdt_next_open_sim\2025-11-19_v1.5_c1_sl0.005_summary.csv
results\pippinusdt_next_open_sim\2025-11-19_v1.5_c1_sl0.01_summary.csv,results\pippinusdt_next_open_sim\2025-11-19_v1.5_c1_sl0.01_summary.csv
results\pippinusdt_next_open_sim\2025-11-19_v1.5_c2_sl0.005_summary.csv,results\pippinusdt_next_open_sim\2025-11-19_v1.5_c2_sl0.005_summary.csv
results\pippinusdt_next_open_sim\2025-11-19_v1.5_c2_sl0.01_summary.csv,results\pippinusdt_next_open_sim\2025-11-19_v1.5_c2_sl0.01_summary.csv
results\pippinusdt_next_open_sim\2025-11-19_v1_c0_sl0.005_summary.csv,results\pippinusdt_next_open_sim\2025-11-19_v1_c0_sl0.005_summary.csv
results\pippinusdt_next_open_sim\2025-11-19_v1_c0_sl0.01_summary.csv,results\pippinusdt_next_open_sim\2025-11-19_v1_c0_sl0.01_summary.csv
results\pippinusdt_next_open_sim\2025-11-19_v1_c1_sl0.005_summary.csv,results\pippinusdt_next_open_sim\2025-11-19_v1_c1_sl0.005_summary.csv
results\pippinusdt_next_open_sim\2025-11-19_v1_c1_sl0.01_summary.csv,results\pippinusdt_next_open_sim\2025-11-19_v1_c1_sl0.01_summary.csv
results\pippinusdt_next_open_sim\2025-11-19_v1_c2_sl0.005_summary.csv,results\pippinusdt_next_open_sim\2025-11-19_v1_c2_sl0.005_summary.csv
results\pippinusdt_next_open_sim\2025-11-19_v1_c2_sl0.01_summary.csv,results\pippinusdt_next_open_sim\2025-11-19_v1_c2_sl0.01_summary.csv
results\pippinusdt_next_open_sim\2025-11-19_v2_c0_sl0.005_summary.csv,results\pippinusdt_next_open_sim\2025-11-19_v2_c0_sl0.005_summary.csv
results\pippinusdt_next_open_sim\2025-11-19_v2_c0_sl0.01_summary.csv,results\pippinusdt_next_open_sim\2025-11-19_v2_c0_sl0.01_summary.csv
results\pippinusdt_next_open_sim\2025-11-19_v2_c1_sl0.005_summary.csv,results\pippinusdt_next_open_sim\2025-11-19_v2_c1_sl0.005_summary.csv
results\pippinusdt_next_open_sim\2025-11-19_v2_c1_sl0.01_summary.csv,results\pippinusdt_next_open_sim\2025-11-19_v2_c1_sl0.01_summary.csv
results\pippinusdt_next_open_sim\2025-11-19_v2_c2_sl0.005_summary.csv,results\pippinusdt_next_open_sim\2025-11-19_v2_c2_sl0.005_summary.csv
results\pippinusdt_next_open_sim\2025-11-19_v2_c2_sl0.01_summary.csv,results\pippinusdt_next_open_sim\2025-11-19_v2_c2_sl0.01_summary.csv
results\pippinusdt_next_open_sim\2025-11-20_v0.5_c0_sl0.005_summary.csv,results\pippinusdt_next_open_sim\2025-11-20_v0.5_c0_sl0.005_summary.csv
results\pippinusdt_next_open_sim\2025-11-20_v0.5_c0_sl0.01_summary.csv,results\pippinusdt_next_open_sim\2025-11-20_v0.5_c0_sl0.01_summary.csv
results\pippinusdt_next_open_sim\2025-11-20_v0.5_c1_sl0.005_summary.csv,results\pippinusdt_next_open_sim\2025-11-20_v0.5_c1_sl0.005_summary.csv
results\pippinusdt_next_open_sim\2025-11-20_v0.5_c1_sl0.01_summary.csv,results\pippinusdt_next_open_sim\2025-11-20_v0.5_c1_sl0.01_summary.csv
results\pippinusdt_next_open_sim\2025-11-20_v0.5_c2_sl0.005_summary.csv,results\pippinusdt_next_open_sim\2025-11-20_v0.5_c2_sl0.005_summary.csv
results\pippinusdt_next_open_sim\2025-11-20_v0.5_c2_sl0.01_summary.csv,results\pippinusdt_next_open_sim\2025-11-20_v0.5_c2_sl0.01_summary.csv
results\pippinusdt_next_open_sim\2025-11-20_v1.5_c0_sl0.005_summary.csv,results\pippinusdt_next_open_sim\2025-11-20_v1.5_c0_sl0.005_summary.csv
results\pippinusdt_next_open_sim\2025-11-20_v1.5_c0_sl0.01_summary.csv,results\pippinusdt_next_open_sim\2025-11-20_v1.5_c0_sl0.01_summary.csv
results\pippinusdt_next_open_sim\2025-11-20_v1.5_c1_sl0.005_summary.csv,results\pippinusdt_next_open_sim\2025-11-20_v1.5_c1_sl0.005_summary.csv
results\pippinusdt_next_open_sim\2025-11-20_v1.5_c1_sl0.01_summary.csv,results\pippinusdt_next_open_sim\2025-11-20_v1.5_c1_sl0.01_summary.csv
results\pippinusdt_next_open_sim\2025-11-20_v1.5_c2_sl0.005_summary.csv,results\pippinusdt_next_open_sim\2025-11-20_v1.5_c2_sl0.005_summary.csv
results\pippinusdt_next_open_sim\2025-11-20_v1.5_c2_sl0.01_summary.csv,results\pippinusdt_next_open_sim\2025-11-20_v1.5_c2_sl0.01_summary.csv
results\pippinusdt_next_open_sim\2025-11-20_v1_c0_sl0.005_summary.csv,results\pippinusdt_next_open_sim\2025-11-20_v1_c0_sl0.005_summary.csv
results\pippinusdt_next_open_sim\2025-11-20_v1_c0_sl0.01_summary.csv,results\pippinusdt_next_open_sim\2025-11-20_v1_c0_sl0.01_summary.csv
results\pippinusdt_next_open_sim\2025-11-20_v1_c1_sl0.005_summary.csv,results\pippinusdt_next_open_sim\2025-11-20_v1_c1_sl0.005_summary.csv
results\pippinusdt_next_open_sim\2025-11-20_v1_c1_sl0.01_summary.csv,results\pippinusdt_next_open_sim\2025-11-20_v1_c1_sl0.01_summary.csv
results\pippinusdt_next_open_sim\2025-11-20_v1_c2_sl0.005_summary.csv,results\pippinusdt_next_open_sim\2025-11-20_v1_c2_sl0.005_summary.csv
results\pippinusdt_next_open_sim\2025-11-20_v1_c2_sl0.01_summary.csv,results\pippinusdt_next_open_sim\2025-11-20_v1_c2_sl0.01_summary.csv
results\pippinusdt_next_open_sim\2025-11-20_v2_c0_sl0.005_summary.csv,results\pippinusdt_next_open_sim\2025-11-20_v2_c0_sl0.005_summary.csv
results\pippinusdt_next_open_sim\2025-11-20_v2_c0_sl0.01_summary.csv,results\pippinusdt_next_open_sim\2025-11-20_v2_c0_sl0.01_summary.csv
results\pippinusdt_next_open_sim\2025-11-20_v2_c1_sl0.005_summary.csv,results\pippinusdt_next_open_sim\2025-11-20_v2_c1_sl0.005_summary.csv
results\pippinusdt_next_open_sim\2025-11-20_v2_c1_sl0.01_summary.csv,results\pippinusdt_next_open_sim\2025-11-20_v2_c1_sl0.01_summary.csv
results\pippinusdt_next_open_sim\2025-11-20_v2_c2_sl0.005_summary.csv,results\pippinusdt_next_open_sim\2025-11-20_v2_c2_sl0.005_summary.csv
results\pippinusdt_next_open_sim\2025-11-20_v2_c2_sl0.01_summary.csv,results\pippinusdt_next_open_sim\2025-11-20_v2_c2_sl0.01_summary.csv
results\pippinusdt_next_open_sim\2025-11-21_v0.5_c0_sl0.005_summary.csv,results\pippinusdt_next_open_sim\2025-11-21_v0.5_c0_sl0.005_summary.csv
results\pippinusdt_next_open_sim\2025-11-21_v0.5_c0_sl0.01_summary.csv,results\pippinusdt_next_open_sim\2025-11-21_v0.5_c0_sl0.01_summary.csv
results\pippinusdt_next_open_sim\2025-11-21_v0.5_c1_sl0.005_summary.csv,results\pippinusdt_next_open_sim\2025-11-21_v0.5_c1_sl0.005_summary.csv
results\pippinusdt_next_open_sim\2025-11-21_v0.5_c1_sl0.01_summary.csv,results\pippinusdt_next_open_sim\2025-11-21_v0.5_c1_sl0.01_summary.csv
results\pippinusdt_next_open_sim\2025-11-21_v0.5_c2_sl0.005_summary.csv,results\pippinusdt_next_open_sim\2025-11-21_v0.5_c2_sl0.005_summary.csv
results\pippinusdt_next_open_sim\2025-11-21_v0.5_c2_sl0.01_summary.csv,results\pippinusdt_next_open_sim\2025-11-21_v0.5_c2_sl0.01_summary.csv
results\pippinusdt_next_open_sim\2025-11-21_v1.5_c0_sl0.005_summary.csv,results\pippinusdt_next_open_sim\2025-11-21_v1.5_c0_sl0.005_summary.csv
results\pippinusdt_next_open_sim\2025-11-21_v1.5_c0_sl0.01_summary.csv,results\pippinusdt_next_open_sim\2025-11-21_v1.5_c0_sl0.01_summary.csv
results\pippinusdt_next_open_sim\2025-11-21_v1.5_c1_sl0.005_summary.csv,results\pippinusdt_next_open_sim\2025-11-21_v1.5_c1_sl0.005_summary.csv
results\pippinusdt_next_open_sim\2025-11-21_v1.5_c1_sl0.01_summary.csv,results\pippinusdt_next_open_sim\2025-11-21_v1.5_c1_sl0.01_summary.csv
results\pippinusdt_next_open_sim\2025-11-21_v1.5_c2_sl0.005_summary.csv,results\pippinusdt_next_open_sim\2025-11-21_v1.5_c2_sl0.005_summary.csv
results\pippinusdt_next_open_sim\2025-11-21_v1.5_c2_sl0.01_summary.csv,results\pippinusdt_next_open_sim\2025-11-21_v1.5_c2_sl0.01_summary.csv
results\pippinusdt_next_open_sim\2025-11-21_v1_c0_sl0.005_summary.csv,results\pippinusdt_next_open_sim\2025-11-21_v1_c0_sl0.005_summary.csv
results\pippinusdt_next_open_sim\2025-11-21_v1_c0_sl0.01_summary.csv,results\pippinusdt_next_open_sim\2025-11-21_v1_c0_sl0.01_summary.csv
results\pippinusdt_next_open_sim\2025-11-21_v1_c1_sl0.005_summary.csv,results\pippinusdt_next_open_sim\2025-11-21_v1_c1_sl0.005_summary.csv
results\pippinusdt_next_open_sim\2025-11-21_v1_c1_sl0.01_summary.csv,results\pippinusdt_next_open_sim\2025-11-21_v1_c1_sl0.01_summary.csv
results\pippinusdt_next_open_sim\2025-11-21_v1_c2_sl0.005_summary.csv,results\pippinusdt_next_open_sim\2025-11-21_v1_c2_sl0.005_summary.csv
results\pippinusdt_next_open_sim\2025-11-21_v1_c2_sl0.01_summary.csv,results\pippinusdt_next_open_sim\2025-11-21_v1_c2_sl0.01_summary.csv
results\pippinusdt_next_open_sim\2025-11-21_v2_c0_sl0.005_summary.csv,results\pippinusdt_next_open_sim\2025-11-21_v2_c0_sl0.005_summary.csv
results\pippinusdt_next_open_sim\2025-11-21_v2_c0_sl0.01_summary.csv,results\pippinusdt_next_open_sim\2025-11-21_v2_c0_sl0.01_summary.csv
results\pippinusdt_next_open_sim\2025-11-21_v2_c1_sl0.005_summary.csv,results\pippinusdt_next_open_sim\2025-11-21_v2_c1_sl0.005_summary.csv
results\pippinusdt_next_open_sim\2025-11-21_v2_c1_sl0.01_summary.csv,results\pippinusdt_next_open_sim\2025-11-21_v2_c1_sl0.01_summary.csv
results\pippinusdt_next_open_sim\2025-11-21_v2_c2_sl0.005_summary.csv,results\pippinusdt_next_open_sim\2025-11-21_v2_c2_sl0.005_summary.csv
results\pippinusdt_next_open_sim\2025-11-21_v2_c2_sl0.01_summary.csv,results\pippinusdt_next_open_sim\2025-11-21_v2_c2_sl0.01_summary.csv
results\pippinusdt_next_open_sim\2025-11-22_v0.5_c0_sl0.005_summary.csv,results\pippinusdt_next_open_sim\2025-11-22_v0.5_c0_sl0.005_summary.csv
results\pippinusdt_next_open_sim\2025-11-22_v0.5_c0_sl0.01_summary.csv,results\pippinusdt_next_open_sim\2025-11-22_v0.5_c0_sl0.01_summary.csv
results\pippinusdt_next_open_sim\2025-11-22_v0.5_c1_sl0.005_summary.csv,results\pippinusdt_next_open_sim\2025-11-22_v0.5_c1_sl0.005_summary.csv
results\pippinusdt_next_open_sim\2025-11-22_v0.5_c1_sl0.01_summary.csv,results\pippinusdt_next_open_sim\2025-11-22_v0.5_c1_sl0.01_summary.csv
results\pippinusdt_next_open_sim\2025-11-22_v0.5_c2_sl0.005_summary.csv,results\pippinusdt_next_open_sim\2025-11-22_v0.5_c2_sl0.005_summary.csv
results\pippinusdt_next_open_sim\2025-11-22_v0.5_c2_sl0.01_summary.csv,results\pippinusdt_next_open_sim\2025-11-22_v0.5_c2_sl0.01_summary.csv
results\pippinusdt_next_open_sim\2025-11-22_v1.5_c0_sl0.005_summary.csv,results\pippinusdt_next_open_sim\2025-11-22_v1.5_c0_sl0.005_summary.csv
results\pippinusdt_next_open_sim\2025-11-22_v1.5_c0_sl0.01_summary.csv,results\pippinusdt_next_open_sim\2025-11-22_v1.5_c0_sl0.01_summary.csv
results\pippinusdt_next_open_sim\2025-11-22_v1.5_c1_sl0.005_summary.csv,results\pippinusdt_next_open_sim\2025-11-22_v1.5_c1_sl0.005_summary.csv
results\pippinusdt_next_open_sim\2025-11-22_v1.5_c1_sl0.01_summary.csv,results\pippinusdt_next_open_sim\2025-11-22_v1.5_c1_sl0.01_summary.csv
results\pippinusdt_next_open_sim\2025-11-22_v1.5_c2_sl0.005_summary.csv,results\pippinusdt_next_open_sim\2025-11-22_v1.5_c2_sl0.005_summary.csv
results\pippinusdt_next_open_sim\2025-11-22_v1.5_c2_sl0.01_summary.csv,results\pippinusdt_next_open_sim\2025-11-22_v1.5_c2_sl0.01_summary.csv
results\pippinusdt_next_open_sim\2025-11-22_v1_c0_sl0.005_summary.csv,results\pippinusdt_next_open_sim\2025-11-22_v1_c0_sl0.005_summary.csv
results\pippinusdt_next_open_sim\2025-11-22_v1_c0_sl0.01_summary.csv,results\pippinusdt_next_open_sim\2025-11-22_v1_c0_sl0.01_summary.csv
results\pippinusdt_next_open_sim\2025-11-22_v1_c1_sl0.005_summary.csv,results\pippinusdt_next_open_sim\2025-11-22_v1_c1_sl0.005_summary.csv
results\pippinusdt_next_open_sim\2025-11-22_v1_c1_sl0.01_summary.csv,results\pippinusdt_next_open_sim\2025-11-22_v1_c1_sl0.01_summary.csv
results\pippinusdt_next_open_sim\2025-11-22_v1_c2_sl0.005_summary.csv,results\pippinusdt_next_open_sim\2025-11-22_v1_c2_sl0.005_summary.csv
results\pippinusdt_next_open_sim\2025-11-22_v1_c2_sl0.01_summary.csv,results\pippinusdt_next_open_sim\2025-11-22_v1_c2_sl0.01_summary.csv
results\pippinusdt_next_open_sim\2025-11-22_v2_c0_sl0.005_summary.csv,results\pippinusdt_next_open_sim\2025-11-22_v2_c0_sl0.005_summary.csv
results\pippinusdt_next_open_sim\2025-11-22_v2_c0_sl0.01_summary.csv,results\pippinusdt_next_open_sim\2025-11-22_v2_c0_sl0.01_summary.csv
results\pippinusdt_next_open_sim\2025-11-22_v2_c1_sl0.005_summary.csv,results\pippinusdt_next_open_sim\2025-11-22_v2_c1_sl0.005_summary.csv
results\pippinusdt_next_open_sim\2025-11-22_v2_c1_sl0.01_summary.csv,results\pippinusdt_next_open_sim\2025-11-22_v2_c1_sl0.01_summary.csv
results\pippinusdt_next_open_sim\2025-11-22_v2_c2_sl0.005_summary.csv,results\pippinusdt_next_open_sim\2025-11-22_v2_c2_sl0.005_summary.csv
results\pippinusdt_next_open_sim\2025-11-22_v2_c2_sl0.01_summary.csv,results\pippinusdt_next_open_sim\2025-11-22_v2_c2_sl0.01_summary.csv
results\pippinusdt_next_open_sim\2025-11-23_v0.5_c0_sl0.005_summary.csv,results\pippinusdt_next_open_sim\2025-11-23_v0.5_c0_sl0.005_summary.csv
results\pippinusdt_next_open_sim\2025-11-23_v0.5_c0_sl0.01_summary.csv,results\pippinusdt_next_open_sim\2025-11-23_v0.5_c0_sl0.01_summary.csv
results\pippinusdt_next_open_sim\2025-11-23_v0.5_c1_sl0.005_summary.csv,results\pippinusdt_next_open_sim\2025-11-23_v0.5_c1_sl0.005_summary.csv
results\pippinusdt_next_open_sim\2025-11-23_v0.5_c1_sl0.01_summary.csv,results\pippinusdt_next_open_sim\2025-11-23_v0.5_c1_sl0.01_summary.csv
results\pippinusdt_next_open_sim\2025-11-23_v0.5_c2_sl0.005_summary.csv,results\pippinusdt_next_open_sim\2025-11-23_v0.5_c2_sl0.005_summary.csv
results\pippinusdt_next_open_sim\2025-11-23_v0.5_c2_sl0.01_summary.csv,results\pippinusdt_next_open_sim\2025-11-23_v0.5_c2_sl0.01_summary.csv
results\pippinusdt_next_open_sim\2025-11-23_v1.5_c0_sl0.005_summary.csv,results\pippinusdt_next_open_sim\2025-11-23_v1.5_c0_sl0.005_summary.csv
results\pippinusdt_next_open_sim\2025-11-23_v1.5_c0_sl0.01_summary.csv,results\pippinusdt_next_open_sim\2025-11-23_v1.5_c0_sl0.01_summary.csv
results\pippinusdt_next_open_sim\2025-11-23_v1.5_c1_sl0.005_summary.csv,results\pippinusdt_next_open_sim\2025-11-23_v1.5_c1_sl0.005_summary.csv
results\pippinusdt_next_open_sim\2025-11-23_v1.5_c1_sl0.01_summary.csv,results\pippinusdt_next_open_sim\2025-11-23_v1.5_c1_sl0.01_summary.csv
results\pippinusdt_next_open_sim\2025-11-23_v1.5_c2_sl0.005_summary.csv,results\pippinusdt_next_open_sim\2025-11-23_v1.5_c2_sl0.005_summary.csv
results\pippinusdt_next_open_sim\2025-11-23_v1.5_c2_sl0.01_summary.csv,results\pippinusdt_next_open_sim\2025-11-23_v1.5_c2_sl0.01_summary.csv
results\pippinusdt_next_open_sim\2025-11-23_v1_c0_sl0.005_summary.csv,results\pippinusdt_next_open_sim\2025-11-23_v1_c0_sl0.005_summary.csv
results\pippinusdt_next_open_sim\2025-11-23_v1_c0_sl0.01_summary.csv,results\pippinusdt_next_open_sim\2025-11-23_v1_c0_sl0.01_summary.csv
results\pippinusdt_next_open_sim\2025-11-23_v1_c1_sl0.005_summary.csv,results\pippinusdt_next_open_sim\2025-11-23_v1_c1_sl0.005_summary.csv
results\pippinusdt_next_open_sim\2025-11-23_v1_c1_sl0.01_summary.csv,results\pippinusdt_next_open_sim\2025-11-23_v1_c1_sl0.01_summary.csv
results\pippinusdt_next_open_sim\2025-11-23_v1_c2_sl0.005_summary.csv,results\pippinusdt_next_open_sim\2025-11-23_v1_c2_sl0.005_summary.csv
results\pippinusdt_next_open_sim\2025-11-23_v1_c2_sl0.01_summary.csv,results\pippinusdt_next_open_sim\2025-11-23_v1_c2_sl0.01_summary.csv
results\pippinusdt_next_open_sim\2025-11-23_v2_c0_sl0.005_summary.csv,results\pippinusdt_next_open_sim\2025-11-23_v2_c0_sl0.005_summary.csv
results\pippinusdt_next_open_sim\2025-11-23_v2_c0_sl0.01_summary.csv,results\pippinusdt_next_open_sim\2025-11-23_v2_c0_sl0.01_summary.csv
results\pippinusdt_next_open_sim\2025-11-23_v2_c1_sl0.005_summary.csv,results\pippinusdt_next_open_sim\2025-11-23_v2_c1_sl0.005_summary.csv
results\pippinusdt_next_open_sim\2025-11-23_v2_c1_sl0.01_summary.csv,results\pippinusdt_next_open_sim\2025-11-23_v2_c1_sl0.01_summary.csv
results\pippinusdt_next_open_sim\2025-11-23_v2_c2_sl0.005_summary.csv,results\pippinusdt_next_open_sim\2025-11-23_v2_c2_sl0.005_summary.csv
results\pippinusdt_next_open_sim\2025-11-23_v2_c2_sl0.01_summary.csv,results\pippinusdt_next_open_sim\2025-11-23_v2_c2_sl0.01_summary.csv
results\pippinusdt_next_open_sim\2025-11-24_v0.5_c0_sl0.005_summary.csv,results\pippinusdt_next_open_sim\2025-11-24_v0.5_c0_sl0.005_summary.csv
results\pippinusdt_next_open_sim\2025-11-24_v0.5_c0_sl0.01_summary.csv,results\pippinusdt_next_open_sim\2025-11-24_v0.5_c0_sl0.01_summary.csv
results\pippinusdt_next_open_sim\2025-11-24_v0.5_c1_sl0.005_summary.csv,results\pippinusdt_next_open_sim\2025-11-24_v0.5_c1_sl0.005_summary.csv
results\pippinusdt_next_open_sim\2025-11-24_v0.5_c1_sl0.01_summary.csv,results\pippinusdt_next_open_sim\2025-11-24_v0.5_c1_sl0.01_summary.csv
results\pippinusdt_next_open_sim\2025-11-24_v0.5_c2_sl0.005_summary.csv,results\pippinusdt_next_open_sim\2025-11-24_v0.5_c2_sl0.005_summary.csv
results\pippinusdt_next_open_sim\2025-11-24_v0.5_c2_sl0.01_summary.csv,results\pippinusdt_next_open_sim\2025-11-24_v0.5_c2_sl0.01_summary.csv
results\pippinusdt_next_open_sim\2025-11-24_v1.5_c0_sl0.005_summary.csv,results\pippinusdt_next_open_sim\2025-11-24_v1.5_c0_sl0.005_summary.csv
results\pippinusdt_next_open_sim\2025-11-24_v1.5_c0_sl0.01_summary.csv,results\pippinusdt_next_open_sim\2025-11-24_v1.5_c0_sl0.01_summary.csv
results\pippinusdt_next_open_sim\2025-11-24_v1.5_c1_sl0.005_summary.csv,results\pippinusdt_next_open_sim\2025-11-24_v1.5_c1_sl0.005_summary.csv
results\pippinusdt_next_open_sim\2025-11-24_v1.5_c1_sl0.01_summary.csv,results\pippinusdt_next_open_sim\2025-11-24_v1.5_c1_sl0.01_summary.csv
results\pippinusdt_next_open_sim\2025-11-24_v1.5_c2_sl0.005_summary.csv,results\pippinusdt_next_open_sim\2025-11-24_v1.5_c2_sl0.005_summary.csv
results\pippinusdt_next_open_sim\2025-11-24_v1.5_c2_sl0.01_summary.csv,results\pippinusdt_next_open_sim\2025-11-24_v1.5_c2_sl0.01_summary.csv
results\pippinusdt_next_open_sim\2025-11-24_v1_c0_sl0.005_summary.csv,results\pippinusdt_next_open_sim\2025-11-24_v1_c0_sl0.005_summary.csv
results\pippinusdt_next_open_sim\2025-11-24_v1_c0_sl0.01_summary.csv,results\pippinusdt_next_open_sim\2025-11-24_v1_c0_sl0.01_summary.csv
results\pippinusdt_next_open_sim\2025-11-24_v1_c1_sl0.005_summary.csv,results\pippinusdt_next_open_sim\2025-11-24_v1_c1_sl0.005_summary.csv
results\pippinusdt_next_open_sim\2025-11-24_v1_c1_sl0.01_summary.csv,results\pippinusdt_next_open_sim\2025-11-24_v1_c1_sl0.01_summary.csv
results\pippinusdt_next_open_sim\2025-11-24_v1_c2_sl0.005_summary.csv,results\pippinusdt_next_open_sim\2025-11-24_v1_c2_sl0.005_summary.csv
results\pippinusdt_next_open_sim\2025-11-24_v1_c2_sl0.01_summary.csv,results\pippinusdt_next_open_sim\2025-11-24_v1_c2_sl0.01_summary.csv
results\pippinusdt_next_open_sim\2025-11-24_v2_c0_sl0.005_summary.csv,results\pippinusdt_next_open_sim\2025-11-24_v2_c0_sl0.005_summary.csv
results\pippinusdt_next_open_sim\2025-11-24_v2_c0_sl0.01_summary.csv,results\pippinusdt_next_open_sim\2025-11-24_v2_c0_sl0.01_summary.csv
results\pippinusdt_next_open_sim\2025-11-24_v2_c1_sl0.005_summary.csv,results\pippinusdt_next_open_sim\2025-11-24_v2_c1_sl0.005_summary.csv
results\pippinusdt_next_open_sim\2025-11-24_v2_c1_sl0.01_summary.csv,results\pippinusdt_next_open_sim\2025-11-24_v2_c1_sl0.01_summary.csv
results\pippinusdt_next_open_sim\2025-11-24_v2_c2_sl0.005_summary.csv,results\pippinusdt_next_open_sim\2025-11-24_v2_c2_sl0.005_summary.csv
results\pippinusdt_next_open_sim\2025-11-24_v2_c2_sl0.01_summary.csv,results\pippinusdt_next_open_sim\2025-11-24_v2_c2_sl0.01_summary.csv
